Unnamed: 0,CoinName,Algorithm,IsTrading,ProofType,TotalCoinsMined,TotalCoinSupply
42,42 Coin,Scrypt,True,PoW/PoS,41.99995383,42.0
404,404Coin,Scrypt,True,PoW/PoS,1055184902.04,532000000.0
1337,EliteCoin,X13,True,PoW/PoS,29279424622.5027,314159265359.0
BTC,Bitcoin,SHA-256,True,PoW,17927175.0,21000000.0
ETH,Ethereum,Ethash,True,PoW,107684222.6865,0.0
LTC,Litecoin,Scrypt,True,PoW,63039243.3000049,84000000.0
DASH,Dash,X11,True,PoW/PoS,9031294.37563393,22000000.0
XMR,Monero,CryptoNight-V7,True,PoW,17201143.1449131,0.0
ETC,Ethereum Classic,Ethash,True,PoW,113359703.0,210000000.0
ZEC,ZCash,Equihash,True,PoW,7383056.25,21000000.0
BTS,Bitshares,SHA-512,True,PoS,2741570000.0,3600570502.0
DGB,DigiByte,Multiple,True,PoW,11406219141.0,21000000000.0
BTCD,BitcoinDark,SHA-256,True,PoW/PoS,1288862.0,22000000.0
XPY,PayCoin,SHA-256,True,PoS,11995334.8847328,12500000.0
PRC,ProsperCoin,Scrypt,True,PoW,5768310.0,21000000.0
KOBO,KoboCoin,X15,True,PoW/PoS,25542535.5881841,350000000.0
SPR,Spreadcoin,X11,True,PoW,11149733.9976203,20000000.0
ARG,Argentum,Scrypt,True,PoW,12205795.4449549,64000000.0
AUR,Aurora Coin,Scrypt,True,PoW/PoS,18135099.992959,16768584.0
BLU,BlueCoin,Scrypt,True,PoW/PoS,635423900.0,0.0
XMY,MyriadCoin,Multiple,True,PoW,1688254250.0,2000000000.0
MOON,MoonCoin,Scrypt,True,PoW,88.0,384000000000.0
ZET,ZetaCoin,SHA-256,True,PoW,170204389.754849,169795588.0
SXC,SexCoin,Scrypt,True,PoW,128940951.183046,250000000.0
QTL,Quatloo,Scrypt,True,PoW,7357794.7925,100000000.0
ENRG,EnergyCoin,Scrypt,True,PoW/PoS,123062801.128773,0.0
QRK,QuarkCoin,Quark,True,PoW,259557164.91477,247000000.0
RIC,Riecoin,Groestl,True,PoW,49548585.1412917,84000000.0
DGC,Digitalcoin ,Scrypt,True,PoW,33442988.3440364,48166000.0
BTB,BitBar,Scrypt,True,PoW/PoS,42579.476901,500000.0
CAT,Catcoin,Scrypt,True,PoW,7219956.64626131,21000000.0
CBX,CryptoBullion,Scrypt,True,PoW/PoS,1039116.65144562,1000000.0
CCN,CannaCoin,Scrypt,True,PoW,4703879.51824446,13140000.0
CRYPT,CryptCoin,X11,True,PoW,4996986.20575291,18000000.0
CSC,CasinoCoin,Scrypt,True,PoC,39999997299.8568,40000000000.0
DMD,Diamond,Groestl,True,PoW/PoS,3304487.74735637,4380000.0
XVG,Verge,Multiple,True,PoW,15929530669.1206,16555000000.0
DVC,DevCoin,SHA-256,True,PoW,18773857500.0,21000000000.0
EAC,EarthCoin,Scrypt,True,PoW,12539015186.822,13500000000.0
EFL,E-Gulden,Scrypt,True,PoW,20910478.8062499,21000000.0
EMC2,Einsteinium,Scrypt,True,PoW,218871896.499999,299792458.0
EMD,Emerald,Scrypt,True,PoW,19496786.31025,32000000.0
EXCL,Exclusive Coin,PoS,True,PoS,5679705.0,0.0
FLT,FlutterCoin,Scrypt,True,PoS/PoW/PoT,461829905.32893,0.0
FRK,Franko,Scrypt,True,PoW,1142732.14912776,11235813.0
FTC,FeatherCoin,NeoScrypt,True,PoW,208669093.00773,336000000.0
GDC,GrandCoin,Scrypt,True,PoW,884125802.0,1420609614.0
GLC,GlobalCoin,Scrypt,True,PoW,65672720.4708748,70000000.0
GLD,GoldCoin,Scrypt,True,PoW,41658647.9999715,72245700.0
HBN,HoboNickels,Scrypt,True,PoW/PoS,89266933.684704,120000000.0
HYP,HyperStake,X11,True,PoS,1678520090.7713,0.0
IFC,Infinite Coin,Scrypt,True,PoW,90595753018.6314,90600000000.0
IOC,IOCoin,X11,True,PoW/PoS,17650913.9743456,22000000.0
IXC,IXcoin,SHA-256,True,PoW,21089348.999,21000000.0
KGC,KrugerCoin,Scrypt,True,PoW,151447649.8,265420800.0
LKY,LuckyCoin,Scrypt,True,PoW,19326319.14375,20000000.0
LTB,Litebar ,Scrypt,True,PoW,1104344.22938102,1350000.0
MAX,MaxCoin,SHA3,True,PoW/PoS,61445805.0,100000000.0
MEC,MegaCoin,Scrypt,True,PoW,38151999.9930997,42000000.0
MED,MediterraneanCoin,HybridScryptHash256,True,PoW,40431856.9,200000000.0
MINT,MintCoin,Scrypt,True,PoS,21293925445.4969,0.0
MINC,MinCoin,Scrypt,True,PoW,5804204.88794916,10000000.0
MZC,MazaCoin,SHA-256,True,PoW/PoS,1613836099.99999,2419200000.0
NAUT,Nautilus Coin,Scrypt,True,PoS,16180000.0,16180000.0
NAV,NavCoin,X13,True,PoW/PoS,66087096.2077108,0.0
NOBL,NobleCoin,Scrypt,True,PoW,2366066305.76482,15000000000.0
NMC,Namecoin,SHA-256,True,PoW,14736400.0,21000000.0
NYAN,NyanCoin,Scrypt,True,PoW,334709223.483138,337000000.0
OPAL,OpalCoin,X13,True,PoW/PoS,15156364.3306548,0.0
ORB,Orbitcoin,NeoScrypt,True,PoW/PoS,3220616.279225,3770000.0
POT,PotCoin,Scrypt,True,PoW/PoS,222677226.014206,420000000.0
PXC,PhoenixCoin,Scrypt,True,PoW/PoS,73959274.625,98000000.0
RDD,Reddcoin,Scrypt,True,PoW/PoS,29315567169.0888,0.0
RPC,RonPaulCoin,Scrypt,True,PoW,1104157.42169891,21000000.0
SBC,StableCoin,Scrypt,True,PoW,24215181.725,250000000.0
SMC,SmartCoin,Scrypt,True,PoW,25593737.1355044,51200000.0
SUPER,SuperCoin,X11,True,PoS,50707661.7493518,0.0
SYNC,SyncCoin,X11,True,PoW/PoS,1177.0,1000.0
SYS,SysCoin,SHA-256,True,PoW,563336541.299966,888000000.0
TES,TeslaCoin,Multiple,True,PoS,80260463.7331396,100000000.0
TGC,TigerCoin,SHA-256,True,PoW,43536800.0,47011968.0
TIT,TittieCoin,PHI1612,True,PoS,1622326490.46336,2300000000.0
TOR,TorCoin,X11,True,PoW/PoS,1431851.00002479,10000000.0
TRC,TerraCoin,SHA-256,True,PoW,22935396.0,42000000.0
UNB,UnbreakableCoin,SHA-256,True,PoW,2278150.0,80000000.0
UNO,Unobtanium,SHA-256,True,PoW,200911.79151896,250000.0
URO,UroCoin,X11,True,PoW,1207310.0,0.0
USDE,UnitaryStatus Dollar,Scrypt,True,PoW/PoS,1098952592.6,1600000000.0
UTC,UltraCoin,Scrypt,True,PoW/PoS,50235211.141939,100000000.0
VIA,ViaCoin,Scrypt,True,PoW,23150892.1679687,23000000.0
VRC,VeriCoin,Scrypt,True,PoST,32021108.4136696,0.0
VTC,Vertcoin,Lyra2REv2,True,PoW,51173723.8166347,84000000.0
WDC,WorldCoin,Scrypt,True,PoW,119606941.0,265420800.0
XC,X11 Coin,X11,True,PoW/PoS,6950831.0970606,5500000.0
XCR,Crypti,Multiple,True,PoS,100000000.0,0.0
XJO,JouleCoin,SHA-256,True,PoW,39195739.362088,45000000.0
XST,StealthCoin,X13,True,PoW/PoS,33093725.4123502,0.0
ZCC,ZCC Coin,Scrypt,True,PoW/PoS,147990237.978331,1000000000.0
BCN,ByteCoin,CryptoNight,True,PoW,184066828814.0,184467440735.0
XDN,DigitalNote ,CryptoNight,True,PoW,6906587610.38292,10000000000.0
BURST,BurstCoin,Shabal256,True,PoC,1813033920.0,2158812800.0
SJCX,StorjCoin,Counterparty,True,PoS,51173144.0,500000000.0
MONA,MonaCoin,Scrypt,True,PoW,68194674.8711679,105120000.0
NTRN,Neutron,SHA-256,True,PoW/PoS,39121694.0,68000000.0
FAIR,FairCoin,Groestl,True,PoW/PoS,53193831.0,0.0
NLG,Gulden,Scrypt,True,PoW,415032420.0,1680000000.0
RBY,RubyCoin,Scrypt,True,PoS,27184490.3918338,0.0
PTC,PesetaCoin,Scrypt,True,PoW,137517654.41397,166386000.0
KORE,Kore,X13,True,PoW/PoS,2022464.886973,12000000.0
WBB,Wild Beast Coin,Scrypt,True,PoW,181919.2435974,2628000.0
NOTE,Dnotes,Scrypt,True,PoS,174646113.934655,500000000.0
FLO,Flo,Scrypt,True,PoW,152270664.860648,160000000.0
8BIT,8BIT Coin,Scrypt,True,PoW/PoS,1467841.0,0.0
STV,Sativa Coin,X13,True,PoW/PoS,7096834.0,10000000.0
ABY,ArtByte,Scrypt,True,PoW,792537250.0,1000000000.0
FLDC,Folding Coin,Stanford Folding,True,PoW,719416990.0,1000000000.0
U,Ucoin,X11,True,PoS,2689812.0,20000000.0
UIS,Unitus,Multiple,True,PoW,65113302.0,0.0
CYP,CypherPunkCoin,QuBit,True,PoW,6365285.0,0.0
OMC,OmniCron,Scrypt,True,PoW,10140044.4430293,3371337.0
VTR,Vtorrent,Scrypt,True,PoW/PoS,11604722.0,20000000.0
GRE,GreenCoin,Scrypt,True,PoW,4610340640.89,10000000000.0
XCN,Cryptonite,M7 POW,True,PoW,708506520.0,1840000000.0
MSC,MasterCoin,Scrypt,True,PoW,619478.0,619478.0
SOON,SoonCoin,SHA-256,True,PoW,12462620.0,21000000.0
1CR,1Credit,Scrypt,True,PoW,88213.0,92000000000.0
ISL,IslaCoin,X11,True,PoW/PoS,1513704.0,0.0
NXS,Nexus,SHA3,True,PoW/nPoS,63657220.0,78000000.0
MARS,MarsCoin ,X11,True,PoW,32221574.820996,33000000.0
CTO,Crypto,Lyra2RE,True,PoW,13742738.0,65789100.0
ACP,Anarchists Prime,SHA-256,True,PoW,14747200.0002,53760000.0
DRZ,Droidz,QUAIT,True,PoW/PoS,8568038.35935056,5060000.0
BSC,BowsCoin,X11,True,PoW,15863837.5,21000000.0
SQL,Squall Coin,X11,True,PoS/PoW,329200.01639,0.0
SONG,Song Coin,Scrypt,True,PoW,32565300.0,210240000.0
ZNY,BitZeny,Scrypt,True,PoW,75614500.0,250000000.0
DIGS,Diggits,Scrypt,True,PoS,100000000.0,100000000.0
EXP,Expanse,Ethash,True,PoW,10495278.0,16906397.0
CON,Paycon,X13,True,PoW/PoS,23042604.0,50000000.0
SC,Siacoin,Blake2b,True,PoW,33098296530.0,0.0
EMC,Emercoin,SHA-256,True,PoW/PoS,43059794.804778,1000000000.0
EGC,EverGreenCoin,X15,True,PoW/PoS,13530556.4180753,26298000.0
MND,MindCoin,X11,True,PoW,15867695.0,16000000.0
I0C,I0coin,SHA-256,True,PoW,20997476.8650231,21000000.0
DCR,Decred,BLAKE256,True,PoW/PoS,10365046.9281661,21000000.0
RVR,Revolution VR,Scrypt,True,PoW,210000000.0,210000000.0
HODL,HOdlcoin,1GB AES Pattern Search,True,PoW,11448949.0,81962100.0
EDRC,EDRCoin,SHA-256,True,PoW/PoS,3669691.84494672,22000000.0
HTC,Hitcoin,X11,True,PoW/PoS,10996318099.0,26550000000.0
GAME,Gamecredits,Scrypt,True,PoW,69836100.0,84000000.0
DBIC,DubaiCoin,SHA-256,True,PoW/PoS,5129014.0,10500000.0
DIEM,CarpeDiemCoin,SHA-256,True,PoW,21739971929.0,21626280000.0
PWR,PWR Coin,NIST5,True,PoW/PoS,10069449031.9252,0.0
BLRY,BillaryCoin,Scrypt,True,PoW/PoS,8998743.2411911,42000000.0
GPU,GPU Coin,Scrypt,True,PoS,40477042.0,221052632.0
ADZ,Adzcoin,X11,True,PoW,45110324.0,84000000.0
SOIL,SoilCoin,Dagger,True,PoW,5702048.0,30000000.0
YOC,YoCoin,Scrypt,True,PoW,636462.55983338,168351300.0
SIB,SibCoin,X11GOST,True,PoW,17263355.0,24000000.0
ERC,EuropeCoin,X11,True,PoW/PoS,10407269.7881868,384000000.0
ZEIT,ZeitCoin,Scrypt,True,PoS,36971236046.8073,99000000000.0
SWING,SwingCoin,SHA-256,True,PoW/PoS,4377081.60953993,40000000.0
SAFEX,SafeExchangeCoin,Scrypt,True,PoC,2147483647.0,2147483647.0
NEBU,Nebuchadnezzar,PoS,True,PoS,20000000.0,20000000.0
FRN,Francs,Scrypt,True,PoW,6570807.65677618,20000000.0
BOLI,BolivarCoin,X11,True,PoW,13654082.4987998,25000000.0
XRA,Ratecoin,X11,True,PoW/PoS,134554941.15119,75000000.0
REV,Revenu,SHA-256,True,PoW/PoS,1195525.0,222725000.0
CKC,Clockcoin,SHA-256,True,PoW/PoS,16662820.0,525000000.0
VIP,VIP Tokens,NIST5,True,PoW/PoS,83450403.0,90000000.0
BSD,BitSend,X11,True,PoW/PoS,24387724.5010828,139000000.0
OMNI,Omni,Scrypt,True,PoW,616448.0,616448.0
LIR,Let it Ride,POS 3.0,True,PoS,38589808.6658096,33500000.0
PUT,PutinCoin,Scrypt,True,PoW/PoS,813092338.575672,2000000000.0
IBANK,iBankCoin,Scrypt,True,PoW/PoS,4526324.0,44333333.0
FRWC,Frankywillcoin,Scrypt,True,PoW/PoS,100000000.0,100000000.0
MUDRA,MudraCoin,X13,True,PoS,5000000.0,200000000.0
PIZZA,PizzaCoin,X11,True,PoW,1377917.0,25000000.0
LC,Lutetium Coin,X11,True,PoS,657000000.0,657000000.0
KMD,Komodo,Equihash,True,dPoW/PoW,115898131.0,200000000.0
GB,GoldBlocks,X11,True,PoW/PoS,15563873.0,50000000.0
CTC,CarterCoin,Scrypt,True,PoW/PoS,43165500.0,90000000.0
KRB,Karbo,CryptoNight,True,PoW,7822432.72439746,10000000.0
BXT,BitTokens,SHA-256,True,PoW/PoS,595429.0,21000000.0
ZYD,ZayedCoin,SHA-256,True,PoW,6243840.0,9736000.0
MST,MustangCoin,X11,True,PoW/PoS,657636.34549789,3000000.0
ZNE,ZoneCoin,Scrypt,True,PoW/PoS,2581970.0,21000000.0
COVAL,Circuits of Value,Multiple,True,PoW,1000000000.0,1200000000.0
ROOT,RootCoin,Scrypt,True,PoW/PoS,1939889.0,0.0
DOPE,DopeCoin,Scrypt,True,PoW,116845228.0,200000000.0
BTCR,BitCurrency,Scrypt,True,PoS,169598616.0,0.0
DLC,DollarCoin,SHA-256,True,PoW,9106714.0,10638298.0
SCN,Swiscoin,Scrypt,True,PoW/PoW,665200057.0,3100000000.0
SH,Shilling,Scrypt,True,PoW,11119200.0,30000000.0
BUZZ,BuzzCoin,SHA-256D,True,PoW/PoS,19577787259.0,20000000000.0
XPO,Opair,PoS,True,PoS,74033806.7949683,74000000.0
PSB,PesoBit,Scrypt,True,PoW/PoS,33522957.0,0.0
HALLO,Halloween Coin,X11,True,PoW/PoS,264678458.288619,1500000000.0
XZC,ZCoin,Lyra2Z,True,PoW,7568281.24956067,21400000.0
CFC,CoffeeCoin,PoS,True,PoS,148716816.0,39999898.0
ROYAL,RoyalCoin,X13,True,PoS,2500124.0,2500124.0
GNJ,GanjaCoin V2,X14,True,PoW/PoS,100000000.0,100000000.0
TEAM,TeamUP,PoS,True,PoS,17818682.1654,301000000.0
LANA,LanaCoin,SHA-256D,True,PoW/PoS,1082162635.53683,7506000000.0
ELE,Elementrem,Ethash,True,PoW,26205539.0,26205539.0
ZCL,ZClassic,Equihash,True,PoW,5613550.0,21000000.0
ARK,ARK,DPoS,True,DPoS,108202084.0,125000000.0
INSANE,InsaneCoin,X11,True,PoW/PoS,18342813.0,30000000.0
KLC,KiloCoin,Scrypt,True,PoW,196297971.0,10000000000.0
ATX,ArtexCoin,X11,True,PoW,824000000.0,500000000.0
EMB,EmberCoin,X13,True,PoW/PoS,92192822723.0,850000000.0
XEN,XenixCoin,X11,True,PoW/PoS,3853326.77707314,3853326.77707314
FRE,FreeCoin,PoS,True,PoS,50000000.0,50000000.0
PLNC,PLNCoin,Scrypt,True,PoW/PoS,17089600.0,38540000.0
ARCO,AquariusCoin,Scrypt,True,PoW/PoS,2449577.41533168,42000000.0
KURT,Kurrent,X11,True,PoW,61364813.0,228000000.0
XCRE,Creatio,PoS,True,PoS,20000000.0,20000000.0
ENT,Eternity,X11,True,PoW/PoS,6069482.07721352,60000000.0
EUC,Eurocoin,SHA-256,True,PoW/PoS,12416554.0,20000000.0
BCF,BitcoinFast,Scrypt,True,PoW/PoS,20244023.640728,33000000.0
XSN,Stakenet,X11,True,TPoS,75590369.0,76500000.0
BCCOIN,BitConnect Coin,Scrypt,True,PoW/PoS,11080722.3769581,28000000.0
MONEY,MoneyCoin,Scrypt,True,PoW/PoS,10914418.0,650659833.0
XNG,Enigma,X11,True,PoW/PoS,814671.0,5000000.0
XCI,Cannabis Industry Coin,CryptoNight,True,PoW,978145.0,21000000.0
RC,Russiacoin,Scrypt,True,PoW/PoS,8377873.0,144000000.0
PND,PandaCoin,Scrypt,True,PoS,33813143821.8337,32514916898.0
UNITS,GameUnits,Scrypt,True,PoW/PoS,3472983.0,13000000.0
GAKH,GAKHcoin,Scrypt,True,PoW/PoS,3315789.0,3315789.0
ASAFE2,Allsafe,Quark,True,PoS,10517772.7391666,15000000.0
LTCR,LiteCreed,QuBit,True,PoW/PoS,30227750.0,78835200.0
OS76,OsmiumCoin,Scrypt,True,PoW,894026.0,2714286.0
BIC,Bikercoins,CryptoNight,True,PoW,9357088.0,25000000.0
HXX,HexxCoin,Lyra2RE,True,PoW,1876146.443596,9999999.0
KED,Klingon Empire Darsek,Scrypt,True,PoW/PoS,23965372.0,500000000.0
IOP,Internet of People,SHA-256,True,PoW/PoS,2526078.47525448,21000000.0
KUSH,KushCoin,X11,True,PoW/PoS,5659096.95728771,9354000.0
PRX,Printerium,Scrypt,True,PoW/PoS,11821728.0,20000000.0
PAC,PacCoin,X11,True,PoW,536982074.0,100000000000.0
IMPCH,Impeach,Scrypt,True,PoW/PoS,308179.0,21933333.0
CTL,Citadel,CryptoNight-V7,True,PoW,10969318.522954,185000000.0
ZBC,Zilbercoin,Scrypt,True,PoS,2922613.96424908,55000000.0
FRST,FirstCoin,Scrypt,True,PoW/PoS ,110000000.0,110000000.0
BVC,BeaverCoin,Scrypt,True,PoW,3115258.0,3360000.0
FIND,FindCoin,X13,True,PoS,14524851.4827,14524851.4827
VLTC,VaultCoin,X11,True,PoW,30385540.0,1000000000.0
ZER,Zero,Equihash,True,PoW,6921653.89980891,17000000.0
CHAT,OpenChat,Scrypt,True,PoW/PoS,1000000000.0,1000000000.0
CDN,Canada eCoin,Scrypt,True,PoW,99843408.3158479,100000000.0
ZOI,Zoin,Lyra2RE,True,PoW,18545757.5,21000000.0
RNS,RenosCoin,Scrypt,True,PoS,36050365.0,34426423.0
DBIX,DubaiCoin,Dagger-Hashimoto,True,PoW,2232901.0,2232901.0
XVP,VirtacoinPlus,X11,True,PoW/PoS,13162749.0858027,100000000.0
TAJ,TajCoin,Blake2S,True,PoW/PoS,12184195.9258495,36900000.0
IMX,Impact,X11,True,PoW/PoS,110630387.850471,110000000.0
EB3,EB3coin,Scrypt,True,PoW,64096052.0,4000000000.0
ATMOS,Atmos,PoS,True,PoS,111135836.889,110290030.0
HPC,HappyCoin,X11,True,PoW/PoS,21521322.0099142,100000000.0
CXT,Coinonat,NIST5,True,PoW,10123200.0,48252000.0
MCRN,MacronCoin,PoS,True,PoS,401421401.0,400000000.0
RAIN,Condensate,X11,True,PoW/PoS,121665451.643876,500000000.0
IMS,Independent Money System,Scrypt,True,PoW/PoS,5368934.0,21212121.0
ARGUS,ArgusCoin,Scrypt,True,PoW/PoS,1148324.0,28600000.0
LMC,LomoCoin,Scrypt,True,PoW/PoS,500000.0,1000000000.0
PROC,ProCurrency,SHA-256,True,PoS,100545745.0,75000000000.0
XGR,GoldReserve,X11,True,PoW/PoS,17171382.0,40000000.0
BENJI,BenjiRolls,Scrypt,True,PoW,20276099.146524,35520400.0
GRW,GrowthCoin,Scrypt,True,PoS,295135466.361878,2000000000.0
ILC,ILCoin,SHA-256,True,PoW,1317747500.0,2500000000.0
PHR,Phreak,PoS,True,PoS,11390225.9742772,30000000.0
DEA,Degas Coin,Scrypt,True,PoW/PoS,21358764.0,105000000.0
HTML5,HTML5 Coin,X15,True,PoW/PoS,40659020000.0,90000000000.0
USC,Ultimate Secure Cash,SHA-256,True,PoS,10343113.0,200084200.0
EQT,EquiTrader,Scrypt,True,PoW,13673406.4325268,72000000.0
QTUM,QTUM,POS 3.0,True,PoS,100000000.0,100000000.0
QRL,Quantum Resistant Ledger,CryptoNight-V7,True,PoW,69036016.8340164,105000000.0
ESP,Espers,536,True,PoW/PoS,22801882871.0,50000000000.0
DYN,Dynamic,Argon2d,True,PoW,19784224.6512734,0.0
NANO,Nano,Blake2b,True,PoW,133248297.0,340282367.0
CHAN,ChanCoin,Cloverhash,True,PoW,18407259.0885883,30000000.0
DCY,Dinastycoin,CryptoNight,True,PoW,1809467143.0,2000000000.0
DNR,Denarius,NIST5,True,PoW/PoS,4171382.0,10000000.0
DP,DigitalPrice,X11,True,PoW,35138975.0,100000000.0
VUC,Virta Unique Coin,NIST5,True,PoW/PoS,62942075.0,120000000.0
BTPL,Bitcoin Planet,Skein,True,PoW/PoS,6804362.0,100000000.0
UNIFY,Unify,Scrypt,True,PoW,18133195.0,19276800.0
BRIT,BritCoin,X13,True,PoW/PoS,21268092.0,30000000.0
SOCC,SocialCoin,Scrypt,True,PoW,5167775.0,75000000.0
ARC,ArcticCoin,X11,True,PoW,26042364.3735553,60000000.0
DAS,DAS,X11,True,PoW,2622886.0,18900000.0
LINDA,Linda,Scrypt,True,PoW/PoS,9044930943.24243,50000000000.0
XLC,LeviarCoin,CryptoNight,True,PoW,14161803.0,54000000.0
ONION,DeepOnion,X13,True,PoW/PoS,21917018.0492836,18898187.6216583
BTX,Bitcore,Time Travel,True,PoW,17801865.1605478,21000000.0
GCN,gCn Coin,Scrypt,True,PoW,163055097500.0,200000000000.0
SMART,SmartCash,Keccak,True,PoW,2241009149.22257,5000000000.0
SIGT,Signatum,SkunkHash v2 Raptor,True,PoS,107972766.0,137500000.0
ONX,Onix,X11,True,PoW,122475638.389743,1100000000.0
CRM,Cream,Skein,True,PoW/PoS,47331802.4774238,100000000.0
BCH,Bitcoin Cash,SHA-256,True,PoW,17995589.6469082,21000000.0
XMCC,Monoeci,X11,True,PoW/PoS,12569262.5359307,9507271.0
DFT,Draftcoin,Scrypt,True,PoS,18663297.3489799,17405891.19707116
VET,Vechain,VeChainThor Authority,True,Proof of Authority,55454734800.0,86712634466.0
SOJ,Sojourn Coin,Scrypt,True,PoW,485214.0,10500000000.0
STCN,Stakecoin,PoS,True,PoS,4000000.0,61599965.0
NYC,NewYorkCoin,Scrypt,True,PoW,143006669741.687,0.0
FRAZ,FrazCoin,Scrypt,True,PoW,9704042.0,20000000.0
KRONE,Kronecoin,Scrypt,True,PoW,17453749.4042601,84000000.0
ACC,AdCoin,Scrypt,True,PoW,32646731.063036,100000000.0
LINX,Linx,Scrypt,True,PoW,33716526.0,100000000.0
XCXT,CoinonatX,Scrypt,True,PoW/PoS,19539588.0,48252000.0
ETHD,Ethereum Dark,Scrypt,True,PoW/PoS,4200000.0,4200000.0
SUMO,Sumokoin,CryptoNight,True,PoW,8946653.0,88888888.0
ODN,Obsidian,SHA-512,True,PoS,25000000.0,91388946.0
ADA,Cardano,Ouroboros,True,PoS,25927070538.0,45000000000.0
REC,Regalcoin,X11,True,PoW/PoS,7262402.04264803,27000000.0
BTCZ,BitcoinZ,Equihash,True,PoW,5211553258.01514,21000000000.0
TZC,TrezarCoin,NeoScrypt,True,PoW/PoS,182638400.0,400000000.0
ELM,Elements,X11,True,PoW,2702855668.85288,1800000000.0
TER,TerraNovaCoin,Scrypt,True,PoW/PoS,1140734.91680375,15733333.0
VIVO,VIVO Coin,NeoScrypt,True,PoW,4165967.57499639,27000000.0
RUP,Rupee,Lyra2REv2,True,PoS,24000000.0,24000000.0
BTG,Bitcoin Gold,Equihash,True,PoW,17202361.088994,21000000.0
WOMEN,WomenCoin,Scrypt,True,PoW/PoS,48459472454.0,25000000000.0
MAY,Theresa May Coin,SHA-256,True,PoW/PoS,92050800.0,100000000.0
NAMO,NamoCoin,NIST5,True,PoW/PoS,560563220.0,1200000000.0
LUX,LUXCoin,PHI1612,True,PoW/PoS,8305775.31777569,60000000.0
PIRL,Pirl,Dagger,True,PoW,33986980.0,156306732.71
XIOS,Xios,Scrypt,True,PoW/PoS,2149688.0,21000000.0
BTDX,Bitcloud 2.0,Quark,True,PoW/PoS,30711550.5294042,200000000.0
EBST,eBoost,Scrypt,True,PoW,99990001.493466,100000000.0
KEK,KekCoin,POS 2.0,True,PoS,12330806.30517,21000000.0
BLHC,BlackholeCoin,Scrypt,True,PoW/PoS,16362544.992,14788275.991
XIN,Infinity Economics,SHA-256,True,PoS,8999999990.0,9000000000.0
PURA,Pura,X11,True,PoW,175215859.0,350000000.0
INN,Innova,NeoScrypt,True,PoW,6375259.04,45000000.0
ELLA,Ellaism,Ethash,True,PoW,12756367.0,280000000.0
GBX,GoByte,NeoScrypt,True,PoW,5832306.875,31800000.0
MAG,Magnet,X11,True,PoW/PoS,38198594.8342105,144000000.0
TAU,Lamden Tau,DPoS,True,DPoS,288090567.493887,500000000.0
ECA,Electra,NIST5,True,PoW/PoS,28399150208.0,30000000000.0
BCD,Bitcoin Diamond,X13,True,PoW/PoS,183534024.889807,210000000.0
XSH,SHIELD,Multiple,True,PoW,481730566.566176,660000000.0
CNBC,Cash & Back Coin,Scrypt,True,PoW/PoS,110976977.29338,210000000.0
XUN,UltraNote,CryptoNight,True,PoW,19281821413.4924,85000000000.0
COAL,BitCoal,CryptoNight,True,PoW,4500000.0,12500000.0
DAXX,DaxxCoin,Ethash,True,PoW,520891780.0,10000000000.0
BWK,Bulwark,NIST5,True,PoS,13247178.8807286,27716121.0
KLKS,Kalkulus,Quark,True,PoS,16955764.902064,20000000.0
AC3,AC3,X11,True,PoW,80316207.0,550000000.0
LTHN,Lethean,CryptoNight-V7,True,PoW,441250233.377,999481516.0
GER,GermanCoin,Scrypt,True,PoW/PoS,4911500269.41,50000000000.0
LTCU,LiteCoin Ultra,Scrypt,True,PoW/PoS,8419402.321,150000000.0
POP,PopularCoin,Scrypt,True,PoW,3964201248.87125,4999999999.0
PNX,PhantomX,X11,True,PoW/PoS,45174214.1078625,50000000.0
PHO,Photon,BLAKE256,True,PoW,30089671530.5228,90000000000.0
SUCR,Sucre,X11,True,PoW,4229040.50393462,19800000.0
SPK,SparksPay,NeoScrypt,True,PoW,7847417.33355824,21000000.0
WAGE,Digiwage,Quark,True,PoS,27299680.0,120000000.0
GUN,GunCoin,NeoScrypt,True,PoW,299797953.0,500000000.0
IRL,IrishCoin,Scrypt,True,PoW,45483049.3398182,64000000.0
TROLL,Trollcoin,Scrypt,True,PoW/PoS,591022748.0,900000000.0
LCP,Litecoin Plus,Scrypt,True,PoW/PoS,2504486.227718,4000000.0
MONK,Monkey Project,X11,True,PoS,4407252.0,21000000.0
PCOIN,Pioneer Coin,X11,True,PoW,8478104.33969947,23000000.0
UBTC,UnitedBitcoin,SHA-256,True,PoW,20166000.0,20166000.0
ITZ,Interzone,C11,True,PoW,11916588.09471,23000000.0
TPAY,TokenPay,POS 3.0,True,PoS,20445861.5344251,25000000.0
MCT,1717 Masonic Commemorative Token,Ethash,True,PoS,1618033.0,1618033.0
MBC,My Big Coin,Scrypt,True,PoW and PoS,9399342.52839847,30000000.0
TRTL,TurtleCoin,CryptoNight,True,PoW,53139835213.77,1000000000000.0
MUN,MUNcoin,SkunkHash,True,PoW,4818338.98949984,16600000.0
USX,Unified Society USDEX,Scrypt,True,PoW/PoS,234846265.782157,232000000.0
NBR,Niobio Cash,CryptoNight,True,PoW,133932467.774108,336000000.0
SSS,ShareChain,Scrypt,True,PoW,10000000000.0,10000000000.0
TRF,Travelflex,Dagger,True,PoW,107325266.027783,100000000.0
KREDS,KREDS,Lyra2REv2,True,PoW,643795911.540095,1100000000.0
TOKC,Tokyo Coin,X13,True,PoS,230298925.0,800000000.0
BBP,BiblePay,Proof-of-BibleHash,True,POBh,1772091549.88818,5200000000.0
LCC,LitecoinCash,SHA-256 + Hive,True,PoW + Hive,638382332.208514,840000000.0
FLIP,BitFlip,Scrypt,True,PoW,12446100.00278,40000000.0
LOT,LottoCoin,Scrypt,True,PoW,14491014421.0,18406979840.0
CIF,Crypto Improvement Fund,X11,True,PoW,211297638.500483,500000000.0
SPD,Stipend,C11,True,PoW/PoS,11251342.1879021,19340594.0
POA,Poa Network,Proof-of-Authority,True,PoA,204479039.0,252460800.0
PUSHI,Pushi,X11,True,PoW/PoS,2167827.1,25000000.0
ELP,Ellerium,XEVAN,True,PoW/PoS,419275.38,60000000.0
VLX,Velox,Scrypt,True,PoS,25570013.1348022,124000000.0
ONT,Ontology,VBFT,True,PoS,650848625.0,1000000000.0
CLO,Callisto Network,Ethash,True,PoW,247612453.0,6500000000.0
TUBE,BitTube,CryptoNight,True,PoW,80049082.9057215,1000000000.0
PSD,Poseidon,Scrypt,True,PoW,4070212.1493016,21000000.0
ADK,Aidos Kuneen,IMesh,True,PoW,25000000.0,25000000.0
BSX,Bitspace,NIST5,True,PoW/PoS,13787854.6277781,50000000.0
BRIA,Briacoin,Scrypt,True,PoW/PoS,845637.81347436,3000000.0
IC,Ignition,Scrypt,True,PoW/PoS,1182153.5,5000000.0
BTL,Bitrolium,Equihash,True,PoW,71355477.0,70000000.0
MEDIC,MedicCoin,Scrypt,True,PoS,267297676.3125,500000000.0
ALPS,Alpenschillling,Lyra2Z,True,PoW,27340501.6514783,300000000.0
BITG,Bitcoin Green,Green Protocol,True,PoS,9803691.3618195,21000000.0
DEV,Deviant Coin,PoS,True,PoS,21876586.8530324,88000000.0
ABJ,Abjcoin,Scrypt,True,PoW/PoS,9880502.37178894,30000000.0
SEM,Semux,Semux BFT consensus,True,DPoS,1231147.0,100000000.0
FTO,FuturoCoin,X11,True,PoW,31801461.1867843,100000000.0
CARE,Carebit,Quark,True,PoW/PoS,139739596.506702,200000000.0
NZL,Zealium,PoS,True,PoS,11075254.0929996,80000000.0
XMC,Monero Classic,CryptoNight,True,PoW,16016864.0,18400000.0
PROTON,Proton,X16R,True,PoS,4403800.0,45000000.0
DEAL,iDealCash,Scrypt,True,PoW/PoS,1404157529.46026,5121951220.0
JUMP,Jumpcoin,NIST5,True,PoW,21069346.2522598,21000000.0
INFX,Infinex,Lyra2RE,True,PoW,5097689.71077377,26280000.0
XBI,Bitcoin Incognito,XEVAN,True,PoS/PoW,10904963.0923455,21000000.0
KEC,KEYCO,Tribus,True,PoW,795447.0,18000000.0
HWC,HollyWoodCoin,Scrypt,True,PoS,38706809.466535,26000000.0
GIN,GINcoin,Lyra2Z,True,PoW,6986399.70430446,10500000.0
PLTC,PlatinCoin,CryptoNight,True,PoW,84300.0,600000518.0
LOKI,Loki,CryptoNight Heavy,True,PoW,19153632.0,150000000.0
NCP,Newton Coin,CryptoNight,True,PoW,41294520017.0,184000000000.0
SIC,Swisscoin,Scrypt,True,PoW/PoS,10200000000.0,10200000000.0
XT3,Xt3ch,Scrypt,True,PoS,7630000.0154,44000000.0
MGD,MassGrid,Jump Consistent Hash,True,PoW,135862416.039898,168000000.0
VIG,TheVig,SHA-256D,True,PoW/PoS,33238183.7225834,100000000.0
PLURA,PluraCoin,CryptoNight,True,PoW,560085952.404637,1000000000.0
EMAR,EmaratCoin,Scrypt,True,PoW/PoS,21599339.6728,84000000.0
DKD,Dekado,X15,True,PoS,30284196.369129,90000000.0
LYNX,Lynx,Scrypt,True,HPoW,77872059787.8998,92000000000.0
POSQ,Poseidon Quark,Quark,True,PoS,2716264.95302831,650000000.0
BWS,BitcoinWSpectrum,SHA-256,True,PoS,57811001.000889,100262205.0
MUSE,Muse,DPoS,True,PoS,18194936.0,18081806.0
XMN,Motion,X16R,True,PoW,8125865.02097646,22075700.0
PLUS1,PlusOneCoin,HMQ1725,True,PoW,8645406.16776286,21000000.0
AXE,Axe,X11,True,PoW,4993030.69736615,21000000.0
TRVC,Trivechain,X16R,True,PoW/PoS,36923120.6205934,82546564.0
DTEM,Dystem,Quark,True,PoS,7082392.24744494,21000000.0
GIC,Giant,Quark,True,PoW/PoS,5919489.76813523,5151000.0
PNY,Peony Coin,Scrypt,True,PoS,1042012.45227735,16880000000.0
ABS,Absolute Coin,Lyra2REv2,True,PoW/PoS,13332617.9413708,52500000.0
VITAE,Vitae,Quark,True,PoS,66053877.6256106,100000000.0
HEX,HexCoin,Scrypt,True,PoW,1416663.06600024,22105263.0
TPC,TPCash,Scrypt,True,PoW/PoS,5403802.49590733,1000000000.0
WEBC,Webchain,CryptoNight-V7,True,PoW,15580199.3087496,1750000000.0
RYO,Ryo,Cryptonight-GPU,True,PoW,4890897.0,88188888.0
URALS,Urals Coin,XEVAN,True,PoW,14746153.0962884,210000000.0
QWC,Qwertycoin,CryptoNight Heavy,True,PoW,99553110528.8022,184470000000.0
ARE,ARENON,X11,True,PoS,19269509.94,55000000.0
EUNO,EUNO,X11,True,PoW/PoS,30771125.9760867,50000000.0
MMO,MMOCoin,Scrypt,True,PoS,107763867.917675,260000000.0
KETAN,Ketan,PoS,True,PoS,9327131.59708692,210000000.0
PPAI,Project Pai,SHA-256,True,PoW,2100000000.0,2100000000.0
XDNA,XDNA,Keccak,True,PoW/PoS,4672513.84432375,366000000.0
PAXEX,PAXEX,X11,True,PoS,4504639.0,100000000.0
AZART,Azart,X11,True,PoW,5015881.37315389,25000000.0
TSC,ThunderStake,Scrypt,True,PoW/PoS,1059954080.43439,18000000000.0
KCASH,Kcash,SHA-512,True,Zero-Knowledge Proof,1000000000.0,1000000000.0
XCG,Xchange,X16R,True,PoW,9753753.61515394,100000000.0
AAC,Acute Angle Cloud,ECC 256K1,True,DPOS,1000000000.0,1000000000.0
CRYP,CrypticCoin,Equihash,True,PoW,4235111504.0,7600000000.0
BTXC,Bettex coin,XEVAN,True,PoS,6787405.18013774,50000000.0
ACM,Actinium,Lyra2Z,True,PoW,13634850.0,84000000.0
BSV,Bitcoin SV,SHA-256,True,PoW,17992514.6469233,21000000.0
BITM,BitMoney,XEVAN,True,Pos,208515864.367343,70000000000.0
JMC,Junson Ming Chan Coin,X11,True,PoS,17209923728.3266,0.0
FRED,FREDEnergy,CryptoNight,True,PoW,1867054873.28397,8080000000.0
HERB,HerbCoin,Quark,True,PoW/PoS,35312185.7437239,54000000.0
UMO,Universal Molecule,Blake,True,PoW,1578281.31341127,105120001.44
LIT,Lithium,Blake,True,PoW,15846721.2482747,25228800.0
PIRATE,PirateCash,Equihash,True,PoS,13475920.0,105000000.0
EXO,Exosis,Exosis,True,PoW,406091.925,21000000.0
BLTG,Block-Logic,Scrypt,True,PoW,35284717.173946,120000000.0
OWC,Oduwa,Scrypt,True,PoW/PoS,14777549.3940764,21000000.0
BEAM,Beam,Equihash,True,PoW,35687520.0,262800000.0
GALI,Galilel,Quark,True,PoW/PoS,18265011.2486006,19035999.0
BTH,Bithereum,Equihash,True,PoW,25150787.5,30886000.0
CSPN,Crypto Sports,Quark,True,PoS,1934701.67524713,13370000.0
CREDIT,Credit,Scrypt,True,PoW/PoS,30825710000.0296,74800000000.0
SLC,SLICE,QuBit,True,PoW,12925790.4226959,100000000.0
DASHP,Dash Platinum,X11,True,PoS,715659.44237941,19700000.0
NSD,Nasdacoin,Scrypt,True,PoW/PoS,20546528.2059957,84000000.0
BEET,Beetle Coin,XEVAN,True,PoW/PoS,198938144.363399,500000000.0
TTN,Titan Coin,SHA-256D,True,PoW/PoS,896361168.0,5000000000.0
AWR,Award,X11,True,PoW/PoS,15420234.5389336,420000000.0
BLAST,BLAST,SHA-256,True,PoW,52293836.6277958,64000000.0
XRC,Bitcoin Rhodium,X13,True,PoW,1170292.5,2100000.0
GLT,GlobalToken,SHA-256,True,PoW,84613099.9999955,168000000.0
INSN,Insane Coin,X11,True,PoW/PoS,23775960.3207514,30000000.0
ALX,ALAX,DPoS,True,DPoS,1000000000.0,1000000000.0
LDOGE,LiteDoge,Scrypt,True,PoW/PoS,15318887081.0146,35000000000.0
SLR,SolarCoin,Scrypt,True,PoW,55565076.3863525,98100000000.0
TRK,TruckCoin,X11,True,PoW/PoS,242574105.22384,0.0
UFO,UFO Coin,NeoScrypt,True,PoW,3824685012.0,4000000000.0
OC,OrangeCoin,Scrypt,True,PoW/PoS,3537150.0,200000000.0
BLC,BlakeCoin,Blake,True,PoW,23356790.1494191,7000000000.0
BITS,BitstarCoin,Scrypt,True,PoW/PoS,20576532.0,54256119.0
NEOS,NeosCoin,SHA-256,True,PoS,4392258.24647793,21000000.0
HYPER,HyperCoin,Scrypt,True,PoW/PoS,9631199.99309942,0.0
PINK,PinkCoin,X11,True,PoW/PoS,436353624.490312,500000000.0
CESC,Crypto Escudo,Scrypt,True,PoW,780210700.0,1000000000.0
ADC,AudioCoin,Scrypt,True,PoW/PoS,980732528.97974,10500000000.0
NKA,IncaKoin,SHA-256,True,PoW/PoS,17939725045.334,190000000.0
PIGGY,Piggy Coin,X11,True,PoW/PoS,494240666.028571,1000000000.0
CRW,Crown Coin,SHA-256,True,PoW,22986929.0854247,42000000.0
GEN,Genstake,Scrypt,True,PoW/PoS,60000000.0,15000000.0
SMLY,SmileyCoin,Scrypt,True,PoW,29583989322.9213,50000000000.0
MI,XiaoMiCoin,Scrypt,True,PoW/PoS,404316475.545465,400000000.0
GRS,Groestlcoin,Groestl,True,PoW,73298203.8873662,105000000.0
CPC,CapriCoin,X11,True,PoW/PoS,201364327.427503,208000000.0
CLUB, ClubCoin,Scrypt,True,PoW/PoS,103621876.167052,160000000.0
RADS,Radium,PoS,True,PoS,3821245.74150193,9000000.0
BTA,Bata,Scrypt,True,PoW,5052555.91981545,5000000.0
PAK,Pakcoin,Scrypt,True,PoW,69684455.4387001,182000000.0
CRB,Creditbit ,X11,True,Proof of Trust,16901016.6609755,16504333.0
OK,OKCash,SHA-256,True,PoW/PoS,74676064.9488608,105000000.0
LSK,Lisk,DPoS,True,DPoS,120012140.0,159918400.0
XHI,HiCoin,Scrypt,True,PoS,10000244677.7002,10008835635.0
XWC,WhiteCoin,Scrypt,True,PoW/PoS,252005564.19257,300000000.0
FSC,FriendshipCoin,NeoScrypt,True,PoW/PoS,1120385.00502,60168145.0
J,JoinCoin,Multiple,True,PoW,3332922.5,2800000.0
TRI,Triangles Coin,X13,True,PoW/PoS,140777.753365,120000.0
VOLLAR,Vollar,Equihash+Scrypt,True,PoW,100000000.0,2100000000.0
EOS,EOS,DPoS,True,DPoS,1020544523.0722,0.0
RCC,Reality Clash,Ethash,True,PoW,24487944.0958204,24487944.0
OXY,Oxycoin,DPoS,True,DPoS,1122382283.37,0.0
TCH,TigerCash,SHA-256,True,PoS,1000000000.0,1000000000.0
WAVES,Waves,Leased POS,True,LPoS,100000000.0,100000000.0
PART,Particl,PoS,True,PoS,9283137.5558676,8634140.0
BTT,BitTorrent,TRC10,True,DPoS,989988713439.649,990000000000.0
NXT,Nxt,PoS,True,PoS/LPoS,1000000000.0,1000000000.0
ZEPH,ZEPHYR,SHA-256,True,DPoS,1999999995.3056,2000000000.0
GAP,Gapcoin,Scrypt,True,PoW/PoS,14931046.1546605,250000000.0
BDX,Beldex,CryptoNight,True,PoW,980222595.0,1400222610.0
ZEN,Horizen,Equihash,True,PoW,7296537.5,21000000.0
XBC,BitcoinPlus,Scrypt,True,PoS,128326.99633965,1000000.0
